"ID","Name","LastName","FirstName","Age","Email","Phone","Address","City","State","Country","PostalCode","Company","JobTitle","Department","Actions"
"1","ThankGod","Morah","Chikelue","29","thankgod.morah@example.com","123-456-7890","123 Main St","Anytown","State","Country","12345","Company A","Developer","Engineering",""
"2","John","Doe","Smith","32","john.doe@example.com","234-567-8901","234 Elm St","Othertown","State","Country","23456","Company B","Manager","Sales",""
"3","Jane","Smith","Doe","28","jane.smith@example.com","345-678-9012","345 Oak St","Sometown","State","Country","34567","Company C","Designer","Marketing",""
"4","Michael","Brown","James","35","michael.brown@example.com","456-789-0123","456 Pine St","Anytown","State","Country","45678","Company D","Analyst","Finance",""
"5","Emily","Davis","Taylor","27","emily.davis@example.com","567-890-1234","567 Cedar St","Othertown","State","Country","56789","Company E","Consultant","Consulting",""
"6","Joshua","Wilson","Andrew","33","joshua.wilson@example.com","678-901-2345","678 Birch St","Sometown","State","Country","67890","Company F","Engineer","Engineering",""
"7","Sarah","Johnson","Nicole","30","sarah.johnson@example.com","789-012-3456","789 Spruce St","Anytown","State","Country","78901","Company G","Architect","Architecture",""
"8","David","Jones","Christopher","31","david.jones@example.com","890-123-4567","890 Maple St","Othertown","State","Country","89012","Company H","Technician","Technical Support",""
"9","Ashley","Martinez","Elizabeth","26","ashley.martinez@example.com","901-234-5678","901 Willow St","Sometown","State","Country","90123","Company I","Specialist","Customer Service",""
"10","Daniel","Garcia","Alexander","34","daniel.garcia@example.com","012-345-6789","012 Fir St","Anytown","State","Country","01234","Company J","Director","Operations",""
"11","Jessica","Anderson","Lauren","28","jessica.anderson@example.com","123-456-7890","123 Main St","Anytown","State","Country","12345","Company K","Coordinator","Logistics",""
"12","Matthew","Lee","Robert","29","matthew.lee@example.com","234-567-8901","234 Elm St","Othertown","State","Country","23456","Company L","Supervisor","Manufacturing",""
"13","Laura","Hernandez","Maria","27","laura.hernandez@example.com","345-678-9012","345 Oak St","Sometown","State","Country","34567","Company M","Executive","Executive",""
"14","Ryan","Clark","Paul","32","ryan.clark@example.com","456-789-0123","456 Pine St","Anytown","State","Country","45678","Company N","Consultant","Consulting",""
"15","Olivia","Lewis","Michelle","26","olivia.lewis@example.com","567-890-1234","567 Cedar St","Othertown","State","Country","56789","Company O","Assistant","Administration",""
"16","Brandon","Walker","Steven","31","brandon.walker@example.com","678-901-2345","678 Birch St","Sometown","State","Country","67890","Company P","Manager","Project Management",""
"17","Sophia","Hall","Victoria","30","sophia.hall@example.com","789-012-3456","789 Spruce St","Anytown","State","Country","78901","Company Q","Advisor","Advisory",""
"18","Andrew","Allen","Jonathan","33","andrew.allen@example.com","890-123-4567","890 Maple St","Othertown","State","Country","89012","Company R","Developer","Engineering",""
"19","Chloe","Young","Rebecca","28","chloe.young@example.com","901-234-5678","901 Willow St","Sometown","State","Country","90123","Company S","Designer","Design",""
"20","Christopher","King","Scott","34","christopher.king@example.com","012-345-6789","012 Fir St","Anytown","State","Country","01234","Company T","Strategist","Strategy",""